Company,Title,Description,Start Date,End Date,Type,Logo,URL
Max Planck Institute for Informatics,Postdoctoral Researcher,"Robotics, generative AI and human motion models. Supervisor: Christian Theobalt.","May, 2026",Now,Work,mpi-logo.svg,https://www.mpi-inf.mpg.de/departments/visual-computing-and-artificial-intelligence
Universitat Politècnica de Catalunya,Postdoctoral Researcher,Researched generative AI for virtual human animation. Co-supervised PhD and Master's students and contributed to European grant proposals. Supervisors: Nuria Pelechano and Carlos Andujar.,"February, 2026","April, 2026",Work,upc-logo.png,https://www.upc.edu/en
Meta,External Research Collaborator,Continued motion style transfer research at Meta via NonStop Consulting AG (internship extension).,"November, 2025","January, 2026",Work,meta-logo.svg,https://tech.facebook.com/reality-labs/
Meta,Research Scientist Intern,"Developed a scalable AI motion style transfer framework, from prototype to production within the metaverse team (SIGGRAPH 2026 paper). Supervisors: Petr Kadleček and Yuting Ye.","June, 2025","November, 2025",Work,meta-logo.svg,https://tech.facebook.com/reality-labs/
Max Planck Institute for Informatics,Research Intern,Researched diffusion model-based motion capture from insole sensor data (Eurographics 2026 paper). Supervisors: Christian Theobalt and Marc Habermann.,"May, 2024","July, 2024",Work,mpi-logo.svg,https://www.mpi-inf.mpg.de/departments/visual-computing-and-artificial-intelligence
Hyper Online,Research Engineer,"Developed the computer vision-based motion capture pipeline for Hyper's desktop application, including pose, hand and face tracking and skeletal retargeting. Researched AI models for audio-to-blendshapes.","February, 2024","January, 2025",Work,hyper-logo.png,https://hyper.online/
Universitat Politècnica de Catalunya,Teaching Assistant,Taught Computer Graphics and GPU Programming in the Computer Science degree.,"September, 2023","June, 2025",Work,upc-logo.png,https://www.upc.edu/en
CYENS Centre of Excellence,Research Intern,Researched human motion reconstruction from sparse VR input using deep learning (SIGGRAPH Asia 2023 paper). Supervisor: Andreas Aristidou.,"July, 2022","September, 2022",Work,cyens-logo.png,https://cyens.org.cy/
Universitat Politècnica de Catalunya,Researcher,"Researched real-time data-driven motion synthesis for character animation, including Motion Matching.","May, 2021","November, 2022",Work,upc-logo.png,https://www.upc.edu/en
Universitat Politècnica de Catalunya,Research Intern,Developed a VR-assisted architectural design application for the architects of Sagrada Familia.,"April, 2019","April, 2021",Work,upc-logo.png,https://www.upc.edu/en
Universitat Politècnica de Catalunya,Doctor of Philosophy (PhD) in Computer Science,Grade: Cum Laude. Thesis: Learning Data-driven Character Animation for Avatars in Virtual Reality. Supervisors: Nuria Pelechano and Carlos Andujar.,"November, 2022","December, 2025",Education,upc-logo.png,https://www.upc.edu/en
Universitat Politècnica de Catalunya,Master in Innovation and Research in Informatics,"Grade: 9.15/10.00. Specialization in Computer Graphics, Character Animation and Virtual Reality.","September, 2020","June, 2022",Education,upc-logo.png,https://www.upc.edu/en
Universitat Politècnica de Catalunya,Bachelor Degree in Informatics Engineering,"Grade: 9.03/10.00 (rank 3 of 239). Specialization in Artificial Intelligence, 3D Graphics/Geometry and Game Programming.","September, 2016","July, 2020",Education,upc-logo.png,https://www.upc.edu/en